"","Gdpe","Gne","GneDfd","GneCii","GneDfdFce","GneDfdGfc","GneCiiPnf","GneDfdFceGvt","GneDfdFceHfc","GneDfdGfcPub","GneDfdGfcPvt","GneDfdFceGvtNat","GneDfdGfcPubGvt","GneDfdGfcPubPcp","GneDfdGfcPvtTdw","GneDfdGfcPvtPbi","GneDfdFceHfcAbt","GneDfdFceHfcMis","GneDfdFceHfcTpt","GneDfdFceHfcHcr","GneDfdFceHfcHlt","GneDfdFceHfcFhe","GneDfdFceHfcHwe","GneDfdGfcPubGvtNat","GneDfdGfcPvtPbiIpr","GneDfdGfcPvtPbiNdc","GneDfdGfcPvtPbiNdm","GneDfdFceGvtNatNdf","GneDfdFceGvtNatDef","GneDfdFceGvtSnl","GneDfdGfcPubGvtNatNdf","GneDfdGfcPubGvtNatDef","GneDfdGfcPubGvtSnl","GneDfdGfcPubPcpCmw","GneDfdGfcPubPcpSnl","GneDfdGfcPvtTdwNnu","GneDfdGfcPvtTdwAna","GneDfdGfcPvtPbiIprRnd","GneDfdGfcPvtPbiIprMnp","GneDfdGfcPvtPbiIprCom","GneDfdGfcPvtPbiIprArt","GneDfdGfcPvtPbiNdcNbd","GneDfdGfcPvtPbiNdcNec","GneDfdGfcPvtPbiNdcSha","GneDfdGfcPvtPbiNdmNew","GneDfdGfcPvtPbiNdmSha","GneDfdGfcPvtPbiCbr","GneDfdGfcPvtOtc","GneDfdFceHfcAbtAlc","GneDfdFceHfcAbtCig","GneDfdFceHfcMisOgd","GneDfdFceHfcMisOsv","GneDfdFceHfcMisIfs","GneDfdFceHfcTptTsv","GneDfdFceHfcTptPvh","GneDfdFceHfcTptOvh","GneDfdFceHfcHcrAsv","GneDfdFceHfcHcrCsv","GneDfdFceHfcHltHsv","GneDfdFceHfcHltMed","GneDfdFceHfcFheFnt","GneDfdFceHfcFheTls","GneDfdFceHfcFheApp","GneDfdFceHfcHweRnt","GneDfdFceHfcHweWsc","GneDfdFceHfcHweEgf","GneDfdFceHfcFud","GneDfdFceHfcCnf","GneDfdFceHfcRnc","GneDfdFceHfcEdc","GneDfdFceHfcCom","GneCiiPnfMin","GneCiiPnfMan","GneCiiPnfWht","GneCiiPnfRet","GneCiiPnfOnf","GneCiiPba","GneCiiPfm","Sde","ExpMinImp"
"1",62712,63506,60356,3150,44566,15791,364,10816,33749,4474,11316,3980,2310,2164,3213,7447,1430,3794,4392,2558,1302,2872,6109,866,687,1960,4087,2886,1094,6836,393,473,1444,557,1608,1821,1392,169,329,166,24,1389,591,-20,4287,-200,714,656,681,749,805,1065,1924,819,1150,2424,412,2147,959,343,1764,390,718,5126,293,690,4330,2285,3627,578,473,54,-277,629,-51,9,2255,531,343,-1137
"2",56042,56688,57053,-366,42047,15007,347,10526,31521,3982,11025,4007,2008,1973,2860,7533,1328,3558,4528,2391,1225,2209,6145,784,634,1933,4263,2902,1105,6518,306,478,1225,465,1508,1643,1217,182,249,177,25,1412,538,-17,4354,-91,703,632,620,709,619,1011,1928,820,1291,2417,384,2007,943,283,1365,273,571,5255,294,596,4113,1739,3196,633,455,-213,73,257,237,-7,-727,14,131,-777
"3",60738,62920,64220,-1300,45756,18464,-90,12283,33472,5849,12615,4697,3082,2768,2978,8940,1326,3795,4836,2441,1303,2457,6412,1105,760,2148,5349,3497,1200,7586,503,602,1977,828,1940,1689,1289,195,350,190,26,1566,516,66,5536,-187,683,697,606,719,668,1071,2057,902,1315,2619,415,2027,1011,292,1551,276,630,5397,307,708,4242,2199,3331,643,486,-196,86,-113,127,6,-1034,-176,-1155,-1028
"4",62674,64855,64853,2,46881,17971,630,11540,35341,4819,13153,4513,2146,2673,3393,8978,1368,4195,5142,2596,1499,2541,6883,818,766,2650,4912,3159,1355,7027,326,492,1328,1149,1524,1943,1450,204,342,195,26,2012,587,51,5198,-286,650,782,631,737,756,1167,2272,972,1456,2714,459,2137,1172,327,1619,293,629,5588,322,973,4443,2082,3448,649,494,57,238,82,259,-6,-337,-291,431,-2611
"5",69588,72841,70262,2579,51416,18846,116,12684,38732,5479,13366,5033,2705,2774,3356,9261,1568,4528,5206,2877,1488,3336,6828,977,747,2802,5099,3683,1350,7651,432,545,1728,817,1957,1865,1491,217,296,207,27,2100,638,63,5335,-236,613,749,736,833,919,1197,2412,915,1518,2773,464,2413,1098,390,2127,410,798,5741,333,754,4914,2762,4078,632,516,76,16,195,-180,9,2089,374,-1568,-1685
"6",62253,63507,63537,-30,46960,16577,1027,11723,35237,4703,11874,4638,2226,2477,3081,8155,1464,4445,4782,2657,1348,2386,6928,791,780,2577,4201,3313,1325,7085,259,532,1435,967,1510,1655,1426,233,292,227,27,1854,593,130,4415,-214,597,638,670,794,725,1151,2570,874,1197,2710,422,2235,1034,315,1514,293,579,5929,334,665,4624,1899,3472,702,529,32,401,82,537,-26,-1057,0,636,-1890
"7",65771,69250,70917,-1666,50905,20012,-417,13505,37400,6453,13559,5478,3680,2773,3111,9640,1460,4774,4924,2673,1560,2729,7229,1461,795,2899,5347,4050,1427,8028,735,726,2219,808,1965,1682,1429,253,260,255,26,2160,676,63,5513,-167,598,808,652,808,778,1206,2790,966,1315,2643,438,2235,1216,344,1735,321,673,6112,347,770,4756,2294,3755,712,535,117,-117,-219,-198,0,-1032,-218,-1673,-1807
"8",67831,69942,70913,-971,52422,18491,-428,13104,39318,5137,13354,5190,2630,2507,3177,9317,1512,5216,5374,2771,1688,2774,7710,1088,791,3032,4906,3651,1539,7914,483,605,1541,843,1664,1697,1479,283,191,295,23,2297,747,-13,5242,-336,588,860,674,839,823,1293,3099,1032,1490,2852,473,2297,1321,367,1755,326,693,6304,358,1047,4869,2259,3854,746,547,59,-167,-513,154,39,-290,-253,69,-2180
"9",75460,78729,77449,1280,56362,21087,-370,13828,42533,6013,15074,5400,3112,2901,3236,10908,1705,5643,5244,3004,1733,3551,7642,1277,846,2994,6496,4086,1313,8429,575,702,1835,1015,1886,1645,1591,303,196,323,24,2226,723,45,6785,-289,572,930,774,931,986,1345,3311,991,1226,3028,457,2547,1296,437,2269,453,829,6427,366,849,5298,2955,4465,721,573,70,-303,-50,-93,6,1311,339,-2328,-941
"10",68646,69875,69992,-117,52019,17973,251,12632,39386,5015,12958,4994,2528,2487,2902,9166,1596,5532,5078,2862,1640,2609,7746,982,844,2801,4924,3485,1509,7639,420,562,1546,830,1657,1498,1404,318,154,347,25,2145,756,-99,5106,-183,597,890,711,886,823,1266,3443,923,1182,2973,446,2416,1277,363,1655,328,626,6631,365,750,4987,2077,3833,883,544,109,99,308,-259,-6,-571,203,-358,-871
"11",73818,76314,78163,-1850,55728,22435,-746,14581,41147,6840,15595,5920,3461,3380,3087,11464,1591,5763,5098,2860,1846,2898,8039,1286,935,3414,6455,4459,1461,8661,534,752,2175,1102,2278,1615,1472,328,214,368,25,2465,731,217,6574,-119,660,1044,693,898,873,1343,3547,995,1122,2981,462,2398,1458,388,1825,354,719,6843,378,818,5069,2485,4115,794,588,186,-135,-225,-538,-33,-866,-238,-1918,-578
"12",77289,78513,77643,870,56920,20723,1259,13782,43139,5031,15692,5379,2651,2380,3316,11268,1658,5965,5491,3052,1879,3021,8647,1119,1036,3865,5610,3844,1535,8403,597,522,1532,857,1524,1753,1563,328,290,392,27,2950,811,104,6002,-393,758,1108,743,915,920,1449,3596,1121,1307,3064,525,2528,1471,408,1920,363,738,7106,394,1147,5212,2519,4270,798,626,55,275,447,389,94,-268,-121,104,-1328
"13",85103,87155,85273,1882,61774,23499,380,14873,46901,5896,17602,5871,2983,2913,3644,12669,1869,6314,5652,3325,1862,3915,8599,1159,1142,3900,6822,4379,1492,9002,627,532,1825,849,2064,1932,1712,338,365,412,27,3184,941,-225,7098,-276,804,1290,858,1011,1111,1501,3701,1069,1341,3242,515,2810,1390,472,2460,501,953,7317,405,876,5685,3253,4997,777,656,-174,-138,426,233,32,1048,454,-1889,-163
"14",78423,78256,78987,-731,57939,21049,14,14053,43885,4679,16370,5622,2433,2246,3521,11687,1729,6210,5606,3162,1802,2949,8805,910,1088,3805,5932,3995,1628,8431,393,518,1522,649,1598,1981,1540,353,283,425,27,2852,865,89,6150,-217,862,1162,782,947,938,1459,3813,1084,1328,3194,499,2663,1407,396,1847,368,734,7607,412,786,5341,2329,4350,985,616,111,112,-115,-89,-6,-861,116,111,57
"15",83131,84759,86110,-1351,61271,24839,-402,15794,45477,5449,19390,6386,3026,2423,3856,14117,1683,6458,5718,3152,1944,3221,9172,1041,1192,4481,7517,4798,1587,9409,437,605,1985,747,1677,2224,1632,373,364,429,26,2964,879,639,7700,-183,927,1416,745,938,984,1517,3957,1111,1525,3082,526,2626,1529,415,2028,392,801,7866,425,882,5333,2673,4582,880,661,67,123,-155,-410,-26,-652,-297,-922,-706
"16",87172,87982,86862,1120,62697,24165,1449,15058,47639,4836,19329,5800,2551,2285,4622,12913,1728,6746,6126,3319,2208,3260,9758,1037,1166,4481,6231,4167,1632,9258,494,543,1514,778,1507,2817,1804,403,333,408,21,3305,906,270,6458,-228,1035,1794,767,961,1156,1567,4022,1281,1708,3137,554,2765,1722,486,2067,397,797,8139,444,1176,5552,2670,4720,869,683,84,88,869,390,18,-175,-154,720,-1530
"17",96410,98597,94753,3844,67615,27138,1004,15671,51943,5468,21670,5679,2765,2703,5153,14750,1944,7232,6302,3532,2090,4312,9808,1026,1247,4511,7907,4092,1587,9992,449,577,1739,1144,1559,3145,2008,424,391,413,20,3508,980,23,8149,-242,1085,1767,862,1082,1395,1604,4232,1254,1870,3179,523,3009,1513,577,2725,567,1021,8435,457,917,6116,3502,5517,869,720,-48,88,773,159,32,2059,782,-804,-1383
"18",88908,89393,89327,65,64448,24879,912,15352,49096,4794,20085,6413,2642,2153,4866,13577,1853,7223,6185,3430,2019,3154,10059,982,1179,4391,6897,4734,1679,8940,403,579,1660,672,1480,3015,1852,440,284,434,21,3401,946,44,7096,-199,1110,1642,804,1049,1197,1619,4407,1267,1750,3168,554,2877,1529,490,1966,411,777,8749,456,854,5835,2481,4882,1296,678,27,745,89,78,-28,-798,-48,1425,-1910
"19",95102,97248,98922,-1674,69414,29507,-194,17844,51571,6786,22722,7278,3474,3311,5418,15716,1889,7489,6631,3479,2371,3537,10477,1383,1271,5084,8253,5509,1769,10566,679,704,2092,1219,2092,3439,1979,451,324,473,23,3973,943,168,8393,-140,1108,1588,828,1062,1269,1670,4550,1333,1944,3354,580,2899,1848,523,2202,442,893,9009,469,998,5921,2869,5157,1032,720,-111,15,-154,107,-52,-1005,-474,-230,-1916
"20",98092,101068,98542,2526,70238,28304,2598,16394,53844,5940,22364,6152,2838,3101,5731,15282,1969,7717,7043,3719,2377,3557,11132,1122,1317,5696,7153,4555,1597,10242,543,579,1716,1501,1601,3533,2198,460,285,541,30,4399,1142,155,7615,-462,1118,1351,862,1107,1329,1723,4665,1478,2131,3434,661,3058,1823,554,2200,443,913,9282,478,1372,6162,2801,5356,1288,723,115,634,826,988,36,222,-294,586,-3562
"21",106057,108868,104596,4272,75324,29272,762,17398,57926,6546,22726,6496,3506,3040,5651,15806,2195,8141,7086,4004,2351,4647,11058,1546,1396,5705,7608,4777,1719,10902,848,697,1961,1317,1722,3324,2327,472,312,579,33,4325,1130,250,7982,-374,1097,1270,973,1222,1577,1760,4804,1400,2075,3611,654,3351,1694,657,2888,604,1155,9538,486,1034,6672,3646,6154,1161,809,245,341,-25,174,28,2786,724,-677,-2134
"22",97653,97239,97290,-51,71535,25755,568,17116,54419,6052,19704,6747,2950,3102,5033,13501,2048,8016,7349,3780,2338,3421,11154,1153,1417,4984,6045,4986,1761,10369,561,592,1796,1500,1601,2859,2174,481,298,605,34,3773,976,235,6475,-430,1055,1169,877,1170,1316,1765,4936,1421,2273,3655,627,3153,1776,562,2111,434,876,9754,486,914,6331,2567,5419,1295,702,247,395,183,-254,-3,-428,-191,2130,-1716
"23",102130,102364,103923,-1559,75314,28610,-833,18709,56604,7941,20669,7132,3870,4071,5123,14310,2065,8279,7585,3752,2570,3744,11541,1453,1432,4860,7030,5004,2128,11577,763,690,2417,1529,2543,2853,2270,487,296,617,32,3784,982,94,7305,-275,988,1236,881,1184,1387,1826,5066,1514,2335,3737,625,3126,1970,601,2324,462,958,9973,510,1058,6391,2999,5671,1216,790,44,237,-679,-352,-82,-248,-479,137,-371
"24",103083,103625,103419,207,76998,26421,-114,18610,58388,6148,20273,7170,2923,3225,5206,13874,2131,8512,8085,3959,2636,3646,12207,1185,1446,5079,6466,5431,1738,11440,548,637,1738,1632,1594,2890,2316,487,312,620,27,3854,1097,129,6629,-163,882,1194,931,1201,1420,1857,5235,1699,2428,3958,711,3248,1990,646,2271,453,923,10214,539,1454,6472,2857,5721,1374,786,310,-513,-345,345,89,561,-241,981,-1524
"25",110011,110131,108323,1808,81185,27139,-649,18899,62285,6639,20499,6827,3229,3411,5428,13892,2402,8920,8091,4217,2673,4637,12094,1349,1465,5011,6619,4972,1855,12072,633,716,1879,1436,1975,2851,2578,493,314,632,26,3716,1119,176,6706,-87,796,1179,1045,1357,1672,1888,5360,1669,2207,4215,671,3546,1917,756,2882,604,1152,10407,560,1128,7035,3701,6483,1165,867,179,-558,-6,-248,-16,1694,762,156,-275
"26",99285,98385,98739,-355,75893,22846,185,18489,57404,5860,16986,7361,3326,2534,4675,11270,2206,8718,7143,3886,2577,3426,12084,1380,1425,4046,5062,5396,1965,11128,678,702,1946,828,1706,2608,2067,505,255,641,25,2933,1009,104,5531,-469,737,1041,925,1282,1379,1901,5437,1511,1791,3841,607,3279,1959,618,2121,445,860,10537,567,980,6669,2596,5657,1669,771,124,433,-147,-187,-39,-584,44,675,226
"27",102159,100928,104035,-3107,78404,25632,-1671,19434,58969,7369,18263,7541,4185,3184,4804,12310,2183,8858,7402,3866,2889,3707,12419,1658,1493,4072,6044,5582,1959,11894,909,750,2526,1384,1800,2631,2173,520,303,646,24,2904,1066,102,6152,-108,700,1149,933,1250,1428,1955,5475,1639,1946,3817,631,3235,2228,662,2326,470,911,10686,595,1138,6586,2989,5927,1318,825,2,-535,-982,-158,3,-852,-585,208,1023
"28",103807,104709,105645,-935,81766,23878,-117,20536,61230,6115,17763,8062,3165,2951,4970,11548,2235,8998,7738,4072,3081,3874,12976,1385,1436,3916,5533,6049,2013,12475,682,703,1780,1158,1792,2759,2210,534,253,629,20,2658,1128,130,5871,-338,663,1245,944,1291,1472,2039,5488,1747,2028,3963,702,3370,2329,752,2456,482,936,10839,626,1512,6804,2959,6072,1544,878,137,-439,-337,491,31,-385,-433,-718,-184
"29",110566,112131,110539,1591,85361,25178,-373,20337,65024,6722,18456,7536,3425,3297,5469,11804,2438,9439,7913,4395,2830,4740,12724,1472,1542,3694,5959,5589,1947,12801,759,714,1953,1469,1828,2982,2487,550,336,634,22,2372,1147,176,6239,-279,608,1183,1053,1385,1813,2108,5519,1720,2029,4165,711,3683,2054,776,2991,645,1104,10927,642,1156,7287,3849,6901,1508,1001,-191,-203,-278,216,83,1071,893,-2011,446
"30",102596,101672,101858,-186,79889,21969,210,19417,60472,5502,16467,7630,3106,2396,4855,10473,2237,9061,7595,4083,2859,3739,12708,1376,1477,3288,5120,5675,1955,11787,681,694,1731,828,1567,2675,2179,572,221,659,24,2115,1012,161,5393,-273,588,1139,957,1280,1425,2112,5524,1553,2071,3971,644,3438,2214,645,2348,482,909,11028,642,1039,6931,2762,6044,1563,888,-66,264,166,-69,-84,-643,247,486,438
"31",105470,105471,108027,-2557,82382,25645,-1524,20162,62220,7666,17979,7908,4201,3465,5213,11553,2197,9210,7747,4135,3016,3973,12986,1680,1593,3333,6025,5850,2058,12254,936,744,2521,1631,1834,2969,2244,602,262,703,26,2153,1010,170,6257,-231,600,1214,955,1242,1525,2175,5510,1655,2030,4062,694,3441,2312,703,2512,520,941,11125,642,1219,7016,3212,6337,1450,942,-76,-417,-267,-750,-13,-550,-483,-452,451
"32",107689,109283,109176,107,84955,24221,739,21219,63736,6159,18062,8094,3182,2977,5726,11022,2340,9280,8284,4189,3201,3970,13510,1302,1759,3207,5412,6039,2055,13125,580,722,1879,1234,1743,3300,2426,646,301,784,28,2139,993,74,5917,-504,645,1314,974,1366,1559,2223,5498,1737,2344,4203,785,3403,2453,748,2506,511,953,11216,645,1649,7066,2973,6262,1660,1001,14,6,-141,871,-10,-53,-579,-252,-1342
"33",115721,117651,116211,1440,88397,27814,-375,20779,67619,6049,21765,7893,3786,2263,6374,14098,2659,9712,8198,4441,3092,4905,13253,1562,1894,3660,7905,5854,2039,12886,804,758,2224,1148,1115,3576,2798,675,361,828,30,2215,1043,402,7889,16,638,1294,1106,1553,1954,2277,5481,1666,2208,4324,749,3692,2225,867,3059,665,1180,11319,646,1288,7608,3855,7335,1435,1126,14,-119,-391,208,-87,1002,812,-1839,-91
"34",107876,107930,106896,1034,82849,24048,655,20467,62382,5798,18250,8050,3342,2456,5569,11447,2483,9193,7724,4011,2910,3897,13156,1330,1838,2873,6095,6058,1993,12416,598,732,2012,808,1648,3261,2307,698,253,855,32,1813,955,105,6412,-317,641,1234,1002,1481,1498,2259,5436,1473,2142,4109,682,3329,2241,668,2429,529,938,11409,637,1110,7076,2635,6427,1853,1019,203,682,47,-159,-118,219,159,-199,145
"35",112083,112124,114188,-2064,85943,28245,-575,21478,64465,7773,20473,8744,4697,3075,6032,13155,2496,9302,8196,4087,3122,4073,13478,1866,1939,3228,7335,6473,2272,12733,1055,811,2831,1152,1924,3410,2622,713,327,865,34,1953,1033,243,7479,-144,653,1286,1051,1445,1589,2338,5374,1656,2279,4260,694,3393,2347,775,2556,521,997,11513,658,1307,7212,3077,6789,1509,1123,238,72,-783,-62,-40,-986,-503,94,-135
"36",112769,112701,113197,-496,87154,26043,291,21414,65740,5387,20656,8466,3048,2340,6643,12589,2601,9177,8303,4295,3395,4056,13963,1164,1933,3211,6765,6411,2055,12948,469,695,1884,783,1557,3942,2701,716,326,854,37,1990,1120,101,7151,-386,679,1424,1088,1514,1567,2384,5227,1699,2323,4281,772,3523,2566,829,2515,508,1033,11613,686,1664,7275,2876,6860,1831,1107,11,-514,887,-72,-21,-219,-568,1855,-1787
"37",121592,123956,120496,3460,91833,28663,658,21246,70587,6360,22303,8488,3806,2553,7026,13768,2860,9559,8457,4780,3332,5115,13761,1634,1974,3408,7716,6452,2035,12758,879,755,2173,985,1568,4143,2882,731,340,864,39,2050,1236,122,8077,-361,669,1510,1231,1629,1987,2414,5159,1660,2306,4491,769,4010,2300,1031,3150,673,1292,11741,701,1319,7869,3796,8097,1701,1260,143,-225,902,-228,66,1985,817,-2349,-16
"38",113258,112190,111965,225,86302,25662,709,21106,65197,5176,20486,8728,3349,1827,6167,12828,2649,9065,8129,4423,3101,4076,13695,1475,1955,3169,7032,6611,2117,12377,726,749,1874,904,924,3633,2534,750,288,877,39,1720,1268,182,6602,430,672,1491,1119,1530,1510,2410,5145,1518,2329,4282,725,3697,2302,799,2515,526,1036,11856,695,1145,7373,2671,7055,1781,1177,-35,550,778,-534,-50,-757,273,1218,-150
"39",118125,118620,120379,-1759,88923,31456,-237,21803,67120,8120,23336,8672,4857,3263,7048,14698,2661,9299,8549,4552,3318,4235,13971,2029,2050,3554,8410,6220,2452,13131,1178,851,2828,983,2280,4076,2971,774,345,893,38,2102,1242,211,8777,-367,684,1591,1174,1488,1593,2508,5198,1673,2479,4397,760,3792,2450,868,2633,514,1089,11949,709,1313,7367,3066,7294,1612,1195,-199,-225,99,-21,110,-1054,-469,-46,-448
"40",121744,125119,123691,1428,92302,31389,2235,22330,69971,7403,23986,9199,3844,3559,7433,14844,2773,9536,8723,4933,3653,4353,14584,1608,2149,3841,8093,7144,2055,13132,789,819,2236,1798,1762,4595,2839,791,408,914,37,2606,1284,-48,8473,-380,760,1708,1253,1519,1672,2556,5308,1783,2411,4529,881,4052,2692,961,2713,523,1117,12073,730,1781,7684,2921,7616,1916,1280,36,267,868,1058,5,-261,-546,365,-3740
"41",128532,132522,128956,3566,96092,32864,1534,21770,74322,6763,26101,8655,4232,2532,7765,16738,3060,10020,8872,5279,3410,5240,14298,1634,2190,4399,9410,6807,1848,13115,811,823,2597,618,1914,4575,3190,814,410,929,37,2782,1494,123,9742,-333,740,1598,1407,1654,2074,2603,5343,1709,2585,4578,828,4451,2356,1053,3210,652,1378,12194,730,1374,8379,3865,8856,1686,1357,-120,58,833,676,88,1012,1020,-2054,-1936
"42",119470,119686,118956,730,90944,28013,1496,21471,69473,6203,21809,8818,3438,2765,6400,14060,2789,9708,8962,4882,3277,4187,14223,1361,2140,3789,7421,6818,2001,12652,589,772,2077,1239,1525,3949,2451,850,310,942,38,2461,1222,106,7729,-308,711,1349,1262,1527,1652,2670,5386,1599,2934,4429,785,4097,2465,811,2553,519,1115,12318,732,1172,7857,2700,7702,1860,1325,-149,708,675,294,-33,-1185,419,1777,-1993
"43",124822,126973,128310,-1338,96142,32169,11,23572,72569,6949,25220,9474,4242,2707,6640,17230,2878,9856,9508,5076,3456,4447,14654,1660,2330,4575,9657,6967,2507,14098,843,817,2582,1118,1589,3859,2781,897,440,953,41,3079,1262,234,9981,-324,667,1349,1311,1568,1782,2628,5446,1727,3210,4571,841,4235,2525,931,2706,521,1220,12517,737,1399,8085,3191,8168,1922,1329,-247,334,-169,33,61,-983,-366,-88,-2063
"44",127838,129275,128349,926,97067,31282,1768,22666,74401,6538,24745,9335,3773,2764,6889,16481,2964,10080,9383,5378,3688,4488,15317,1334,2393,5149,8332,7323,2011,13332,657,677,2439,1376,1388,4019,2870,985,420,943,44,3454,1554,141,8683,-352,608,1375,1345,1619,1838,2738,5504,2001,2615,4768,927,4451,2683,1005,2773,540,1175,12675,741,1900,8263,3060,8364,1965,1453,146,416,755,515,-64,-258,-584,878,-2316
"45",138561,140474,135674,4800,103769,31905,761,24207,79562,5790,26115,9926,3478,2312,6858,17815,3272,10681,9468,5900,3580,5373,14985,1385,2454,5472,9366,7692,2234,14281,694,691,2094,1075,1237,3724,3134,1032,421,954,47,3598,1669,205,9681,-315,523,1443,1475,1797,2308,2812,5560,1860,2776,4832,959,4941,2457,1123,3269,698,1406,12838,746,1401,8978,4045,9706,2000,1574,129,450,-117,289,10,2732,1306,-1192,-721
"46",127738,125375,125678,-303,97070,28608,418,23168,73902,5447,23161,8980,3219,2228,5684,16104,2975,10302,9311,5345,3445,4318,14935,1353,2442,4536,8635,6830,2150,14188,675,678,1866,1085,1142,3241,2442,1051,358,981,53,2967,1435,134,8868,-233,491,1374,1308,1667,1830,2838,5634,1751,2849,4712,898,4447,2580,865,2637,549,1133,13001,750,1184,8324,2886,8535,1998,1525,161,657,-168,-213,-20,-1030,309,2226,137
"47",133463,134870,136916,-2047,100973,35943,-95,24690,76284,9115,26828,9692,5304,3811,6032,19058,3022,10519,9870,5299,3681,4444,15384,2364,2575,5225,10754,7327,2364,14998,1192,1172,2940,1495,2317,3180,2852,1041,450,1025,60,3410,1657,158,10873,-119,504,1738,1325,1697,1867,2920,5732,1964,3149,4757,915,4384,2760,920,2703,541,1201,13181,755,1448,8344,3267,8858,2042,1554,243,133,98,-537,-32,-1503,-449,-1911,505
"48",134886,134838,132962,1877,102300,30662,3492,24633,77667,4487,26174,9883,3172,1315,6429,18127,3088,10650,9734,5289,3868,4538,16075,1412,2637,5906,8990,7732,2150,14750,715,697,1760,850,466,3630,2799,998,477,1090,72,3672,1797,436,9231,-241,594,1618,1357,1731,1894,2949,5807,2104,2889,4741,990,4299,2910,958,2780,535,1222,13315,784,1976,8472,3179,9045,2081,1649,471,785,908,1236,92,-742,-873,1405,-1358
"49",145634,147744,141580,6165,107750,33829,1671,24927,82824,5944,27886,9710,3828,2116,6762,19529,3481,11236,9904,5664,3844,5451,15715,1503,2735,5828,10411,7631,2079,15217,736,767,2325,976,1140,3758,3004,988,533,1134,80,3983,1691,155,10330,81,555,1594,1543,1938,2306,3008,5922,2027,2892,4985,1011,4652,2712,1132,3326,675,1450,13510,791,1415,9125,4129,10405,2129,1741,247,-13,645,671,121,3348,1146,-2004,-106
"50",133359,130689,131362,-674,100077,31286,628,23058,77019,6964,24321,8477,4050,2915,6098,16743,3203,10932,9659,5275,3373,4433,15745,1624,2637,5324,8237,6375,2102,14581,738,886,2426,1301,1614,3494,2603,981,398,1173,85,3696,1472,157,8479,-242,544,1481,1404,1799,1832,3013,6086,1898,2981,4780,983,4291,2558,815,2724,527,1182,13701,778,1266,8605,2899,9002,2197,1695,-116,631,323,-99,-110,-1486,184,2046,624
"51",141413,140493,143314,-2820,105278,38036,805,25234,80044,8576,29460,10066,5521,3055,6779,20872,3243,11337,10203,5400,4004,4565,16219,1752,2821,5648,11850,7672,2394,15168,738,1014,3769,1783,1272,3770,3009,978,550,1208,86,3516,1627,505,11034,817,553,1808,1428,1815,1916,3108,6314,2074,3297,4832,1032,4368,3045,959,2804,515,1246,13936,793,1490,8495,3259,9319,2238,1762,79,-103,356,402,70,-3218,-407,-1446,2366
"52",143020,141875,143047,-1172,108466,34581,471,25775,82690,5457,29124,10098,3181,2276,7497,19606,3267,11743,10397,5632,4172,4647,17040,780,2725,6053,10233,7926,2172,15678,-24,804,2401,962,1314,4404,3093,980,426,1239,80,3995,1841,216,10049,184,595,2021,1458,1809,1964,3153,6626,2208,3233,4956,1136,4495,3116,1056,2864,519,1264,14146,805,2088,8779,3196,9749,2269,1800,-172,-553,963,244,-11,-546,-1097,1993,-849
"53",154484,157879,154462,3417,115591,38871,-243,27058,88533,6973,31898,10809,4516,2457,8339,21556,3672,12478,10656,6164,3882,5679,16703,1825,2829,6265,11918,8634,2175,16249,839,986,2691,1057,1400,4638,3701,977,498,1274,81,4093,2078,94,12136,-217,544,2004,1664,2009,2406,3209,6863,2113,3452,5091,1205,4959,2748,1134,3490,653,1536,14371,812,1520,9540,4202,11262,2359,1935,-228,-343,364,-228,192,2306,1354,-3110,-285
"54",142292,142971,141164,1807,106150,35014,1680,24046,82103,4199,30815,8766,4142,57,7333,21556,3364,12211,10253,5608,3553,4516,16755,1726,2841,8328,9852,6636,2130,15280,948,778,2415,864,-807,4277,3056,971,476,1308,85,3743,2196,2389,9959,-107,535,1927,1497,1867,1892,3260,7059,1996,3361,4896,1130,4478,2670,883,2838,496,1182,14577,803,1375,9023,2941,9662,2361,1856,210,1493,-76,99,-45,-310,437,1659,-2338
"55",148302,150542,151753,-1211,111973,39779,-171,26711,85262,7893,31887,10924,4582,3311,7978,21906,3426,12596,11085,5849,3837,4644,17239,1264,2983,6932,11432,8352,2571,15788,232,1031,3318,1100,2211,4584,3394,963,585,1342,94,4020,2169,743,11784,-352,559,2003,1534,1892,1998,3375,7224,2136,3897,5052,1176,4674,2846,991,2959,483,1203,14816,827,1596,9051,3388,9856,2412,1878,-168,378,150,-532,1,-655,-384,-541,-1699
"56",151144,154006,153871,135,115691,38181,1629,27374,88317,6318,31863,10096,3823,2495,8561,21362,3517,12866,11266,6280,4207,4726,17920,1508,2841,7368,10515,7829,2267,17278,686,822,2315,1134,1361,4977,3584,948,422,1360,111,4577,2606,185,10710,-195,638,1940,1595,1921,2089,3481,7297,2478,3603,5184,1320,4960,3110,1096,3043,492,1192,15008,864,2048,9260,3447,10311,2522,1994,-278,847,385,587,88,-445,-1049,1552,-4414
"57",161908,167291,163488,3803,122575,40913,1152,28688,93887,7558,33355,11251,4827,2732,8932,22421,3917,13484,11369,6845,4059,5633,17596,1917,2942,7969,10917,8788,2463,17437,843,1074,2910,1029,1703,5079,3853,940,488,1394,120,5076,2841,52,11276,-359,594,2001,1782,2134,2580,3463,7441,2295,3622,5452,1317,5528,2741,1318,3609,590,1434,15216,878,1501,10003,4425,11803,2648,2107,-81,384,-77,770,157,1617,1034,-2435,-2948
"58",150640,152513,151193,1319,114431,36762,1956,26311,88120,6965,29797,9289,4275,2690,7905,19791,3604,13187,10824,6506,3930,4647,17707,1577,2895,6293,10010,7088,2201,17022,740,837,2698,758,1932,4697,3208,935,394,1443,124,4071,2205,17,10352,-342,594,2101,1622,1982,2108,3453,7627,2191,3492,5141,1225,5281,2788,1142,2988,463,1195,15434,861,1412,9539,3113,10377,2641,2045,47,1117,165,630,-4,-764,127,1780,-3653
"59",156109,161165,161639,-474,119712,41928,390,28949,90763,8908,33020,11109,4987,3921,8535,22284,3620,13522,11453,6570,4390,4793,18283,1150,2949,7968,10741,8472,2637,17839,-154,1304,3836,1564,2357,5060,3474,933,386,1507,123,4655,2585,728,11043,-303,627,2202,1605,2015,2167,3495,7861,2289,3935,5229,1192,5378,3148,1242,3095,463,1236,15679,864,1740,9432,3496,10413,2696,2094,-34,37,632,-279,34,-549,-315,-897,-4159
"60",159501,164432,162497,1935,121359,41138,2861,27615,93744,7073,34065,10157,4430,2644,9414,22326,3754,13889,11553,6914,4727,5044,18869,1758,2982,8096,10533,7957,2200,17458,1042,717,2671,1103,1540,5413,4001,909,377,1581,116,4961,3115,20,10972,-439,715,2324,1703,2051,2224,3506,8159,2593,3515,5445,1374,5540,3378,1350,3290,505,1249,15912,847,2110,9762,3457,10809,2814,2151,233,-166,2084,679,31,-30,-896,644,-5575
"61",170282,174717,172556,2160,129501,43056,1434,29169,100331,7716,35340,11253,4373,3343,9928,22920,4217,14673,11788,7535,4837,6099,18548,1496,3023,7680,11547,8848,2406,17916,798,697,2878,1331,2012,5653,4275,907,356,1645,115,4841,2840,0,11980,-432,670,2491,1919,2298,2795,3511,8367,2453,3764,5572,1398,6137,3327,1510,3959,649,1491,16152,840,1556,10635,4568,12254,2915,2262,-146,-537,1059,911,147,-304,1030,-1296,-3139
"62",162621,163245,163237,8,122782,40455,89,29377,93405,4884,35571,11434,4614,270,9815,23298,3846,14223,11505,6983,4382,4980,18702,1566,3058,9157,10404,8951,2484,17943,909,657,3048,1201,-932,5975,3840,930,297,1714,118,4101,2369,2687,10830,-426,678,2459,1708,2138,2142,3550,8531,2286,3782,5438,1347,5636,3350,1032,3221,530,1229,16440,831,1431,9807,3117,10733,2897,2231,-20,1114,-658,-188,-159,-318,237,1848,-2472
"63",168457,172745,174793,-2048,127559,47234,-2123,31139,96419,9391,37843,12604,6513,2878,11244,24005,3901,14517,11676,6866,4646,5417,19502,2472,3237,7303,12739,9913,2691,18535,439,2033,4041,1194,1684,6848,4396,978,347,1788,124,4570,2269,464,12827,-88,725,2594,1723,2178,2264,3597,8656,2513,3533,5629,1360,5505,3498,1148,3506,550,1360,16767,842,1893,9744,3873,11098,2920,2261,-247,-5,-735,-1188,52,517,-442,-1194,-3093
"64",173266,174365,174330,35,131768,42562,1897,30396,101372,6333,36229,11938,4836,1497,9753,24211,3997,14763,12969,7722,5015,5209,20277,1892,3467,7952,11989,9245,2693,18458,784,1108,2944,827,670,6011,3741,1041,388,1903,134,4678,2350,923,12674,-685,803,2266,1852,2146,2361,3722,8679,2904,4105,5961,1694,6028,3705,1310,3290,540,1380,16999,874,2403,10131,3564,12059,2956,2710,-34,141,1383,538,-130,-1064,-799,492,-1591
"65",180996,181774,178953,2820,138635,40318,1371,31146,107489,7400,32918,12082,5141,2259,8253,22383,4732,15537,12723,8213,4948,6460,19903,1925,3635,5765,12205,9654,2428,19064,763,1163,3216,738,1521,4696,3557,1089,429,1977,140,3796,2013,-43,12995,-790,777,2282,2117,2615,3039,3734,8765,2775,3928,6020,1633,6580,3414,1534,4107,703,1650,17221,886,1795,10959,4984,13094,3154,2781,-413,-389,663,1373,138,174,1275,20,-798
"66",172518,170401,169520,881,131396,38124,546,30618,100778,6876,31248,11579,5105,1771,7635,21240,4302,15106,12059,7731,4767,5328,20048,1818,3749,5730,10968,8927,2652,19039,692,1126,3286,216,1555,4292,3344,1148,442,2015,144,3366,1916,447,11664,-696,793,2372,1920,2382,2443,3788,8875,2628,3559,5873,1519,6212,3571,1195,3402,579,1347,17503,875,1671,10534,3563,11586,3120,2634,196,1133,-1091,286,21,-45,380,1124,993
"67",177988,177619,179944,-2325,136811,43133,-2021,32923,103888,9166,33967,13060,6210,2956,8474,22786,4296,15399,12687,7638,5118,5565,20754,1987,3828,5975,12144,9736,3325,19863,1144,842,4224,895,2060,4592,3882,1219,449,2016,145,3663,2214,98,12950,-806,839,2707,1933,2363,2543,3841,9015,2798,3723,6166,1424,6214,3725,1393,3563,591,1411,17763,895,2096,10707,4082,11796,3161,2685,-473,-739,-474,-269,-67,167,-471,-1635,2004
"68",182417,181999,181181,818,138543,42639,2104,32358,106185,6731,35907,12531,4917,1814,9653,23086,4339,15642,12308,8154,5552,5712,21429,1923,3825,6961,11335,9611,2921,19827,981,941,2994,626,1188,5537,4116,1315,399,1963,148,3850,2659,451,12143,-808,965,3169,2020,2319,2604,3897,9141,2903,3463,5942,1584,6570,4079,1473,3628,615,1469,17992,916,2521,10949,3827,12115,3317,2839,399,644,215,1048,-203,-92,-1194,-528,946
"69",195328,194508,192816,1692,146197,46619,182,32647,113549,8239,38380,12803,5669,2571,10600,24453,4783,16439,12574,8305,5846,7028,21131,1899,3936,6729,12846,9708,3094,19845,952,946,3770,859,1712,6069,4531,1385,438,1964,149,4126,2740,-136,13686,-840,942,3327,2192,2591,3291,3924,9223,2683,3769,6122,1543,6763,4202,1644,4437,787,1804,18324,926,1882,11975,5204,13866,3437,2962,317,-456,296,-9,34,-30,1540,1140,-319
"70",183998,182451,182543,-92,139169,43373,-460,32594,106575,7611,35763,12535,4985,2625,9924,22532,4341,15974,12483,7696,5246,5774,21356,1678,3907,6539,11179,9533,3002,20059,778,900,3308,889,1737,5978,3946,1441,337,1983,146,3857,2869,-187,12023,-844,906,3307,1971,2370,2623,3972,9380,2607,3985,5891,1503,6193,4051,1195,3690,642,1442,18652,911,1793,11469,3690,12278,3392,2878,155,891,-1106,-433,33,-43,411,1038,509
"71",192201,195046,196504,-1458,145355,51149,-976,34419,110937,10451,40698,13610,6895,3556,11719,25436,4398,16404,13523,7843,5793,6105,22088,2315,3989,7579,13021,10363,3247,20808,1247,1068,4580,902,2653,6990,4729,1482,349,2020,138,4072,3497,10,13855,-834,848,3544,1988,2410,2796,4028,9580,2957,4326,6240,1444,6400,4351,1442,3868,633,1604,18987,931,2170,11388,4163,12901,3420,2911,22,52,517,-1477,-90,187,-669,-1648,-1197
"72",195886,196762,198240,-1479,148768,49473,257,33640,115128,7393,42080,13162,5223,2170,12383,25846,4571,16757,13741,8606,6294,6181,22948,1983,4114,9080,11982,10072,3089,20478,1081,902,3240,186,1984,7382,5001,1504,401,2092,118,4683,3954,443,12908,-926,669,3851,2130,2441,2889,4119,9749,3396,3996,6349,1632,6974,4677,1617,3935,648,1598,19298,950,2700,11823,4110,13367,3566,3163,187,-1037,879,189,39,-252,-1484,2346,-3222
"73",208369,214265,212367,1898,157140,55227,576,34816,122324,8847,46380,13622,5954,2892,12814,29474,5077,17465,13809,8973,6276,7521,22657,2348,4247,8893,15787,10377,3245,21194,1096,1252,3606,674,2218,7625,5189,1545,463,2129,110,4759,4182,-48,16822,-1036,547,4092,2308,2769,3636,4136,9693,3120,4125,6564,1692,7281,4530,1746,4785,805,1931,19632,959,2066,12761,5729,15114,3632,3310,-497,-1247,1612,650,59,112,1210,-1212,-4684
"74",194486,197304,197896,-592,148252,49644,-695,34255,113997,8141,41503,13153,5461,2680,11743,25990,4517,16625,13651,8495,5954,5996,22828,2109,4270,8446,12726,9659,3494,21102,1083,1026,3352,733,1947,7081,4662,1591,420,2150,109,4348,4015,84,13554,-828,548,3770,2082,2435,2862,4191,9571,2929,4127,6595,1649,6846,4539,1415,3848,635,1513,19968,944,1916,12033,3992,13016,3699,3192,-28,892,-1359,-147,-53,-363,466,561,-3378
"75",201888,209165,209824,-659,154956,54869,-275,37889,117067,9653,45216,14903,6389,3264,12383,28664,4644,16928,13750,8454,6490,6314,23636,2380,4356,9246,14401,11266,3637,22986,1162,1219,4009,939,2325,7315,5068,1643,444,2153,116,4743,4330,174,15047,-646,661,4169,2110,2534,2940,4251,9737,2823,4486,6442,1499,6955,4928,1562,4083,651,1581,20304,965,2366,11930,4593,13379,3720,3230,185,-198,318,-536,-43,392,-776,-1693,-5584
"76",207228,213307,211076,2231,156688,54388,3470,35840,120848,7133,47255,14204,4848,2285,13626,28841,4662,17511,14430,9037,6423,6451,24564,1683,4384,9446,14068,10950,3254,21637,983,699,3166,521,1763,7917,5710,1700,410,2137,137,5230,4389,-174,14776,-708,944,4787,2189,2473,3082,4361,10067,3308,4467,6655,1690,7347,4774,1649,4165,705,1581,20644,987,2933,12309,4431,13862,3813,3357,274,600,1431,1101,65,-166,-1074,699,-6778
"77",224141,229701,228016,1686,167735,60281,107,37520,130215,9060,51221,14779,5881,3178,14832,31482,5243,18742,14560,9906,6911,7804,24310,2160,4523,10301,15662,11496,3282,22741,940,1220,3722,800,2378,8460,6372,1752,488,2140,144,5680,4770,-149,16740,-1079,996,4908,2450,2794,3918,4419,10405,3207,4422,6932,1741,8166,4817,2094,4964,865,1975,21052,996,2262,13394,6041,16012,3819,3471,259,-677,971,-511,66,-170,1748,477,-6037
"78",209711,214018,212492,1526,158310,54182,1085,35791,122519,8437,45745,13662,5781,2655,13487,27864,4801,17782,14450,9202,6524,6383,24617,2081,4430,9442,12967,10329,3332,22130,913,1168,3700,655,2001,8070,5418,1804,336,2145,144,5205,4378,-142,13752,-785,1026,4394,2237,2564,3124,4500,10157,3170,4396,6883,1641,7561,4986,1538,4059,687,1636,21442,993,2182,12960,4335,14031,4029,3405,93,855,29,88,20,48,393,1033,-5339
"79",219135,226559,228152,-1593,167344,60808,-754,41121,126223,10908,49900,15991,6910,3998,14548,31058,4900,18405,14947,9205,6971,6497,25433,2600,4645,10268,15122,12256,3735,25130,1778,822,4310,1039,2958,8517,6031,1856,497,2153,139,5681,4647,-60,15901,-780,1024,4294,2313,2587,3328,4588,10489,3428,4453,7066,1571,7635,5235,1737,4153,673,1670,21862,1003,2568,12943,4966,14394,4062,3501,-536,-178,289,-279,-50,-18,-821,-2208,-5216
"80",223438,229783,227394,2389,168695,58699,3533,38452,130243,8409,50290,15348,5438,2971,15432,30599,4999,18703,15674,9702,7302,6801,26400,2002,4638,10377,14604,12107,3240,23104,1072,930,3436,937,2034,9053,6379,1889,462,2163,123,5720,4841,-184,15327,-724,980,4259,2441,2559,3472,4712,10519,3766,4250,7658,1789,7913,5321,1981,4347,708,1746,22235,1029,3136,13187,4867,14741,4193,3675,-209,318,1971,1490,-37,-6,-1138,1326,-7671
"81",238623,246477,244579,1898,179544,65035,398,40562,138983,9983,55052,16480,6432,3550,15383,35501,5728,19723,15820,10341,7729,8185,26075,2476,4777,11733,18073,13129,3351,24082,1184,1291,3957,889,2661,8929,6454,1942,547,2171,118,6414,5518,-199,18954,-880,918,4168,2773,2955,4315,4795,10613,3613,4283,7923,1791,8550,5294,2435,5171,865,2149,22637,1036,2402,14188,6320,16826,4204,3843,8,-1114,1107,420,-23,-1,1502,113,-7967
"82",223464,226777,223965,2812,166277,57689,2587,38469,127807,9412,48277,14774,6227,3185,13345,31138,4911,18688,15338,9028,6511,6556,26327,2351,4802,10937,14487,11415,3359,23695,1137,1215,3876,847,2338,8010,5335,2014,495,2178,115,5498,5654,-215,15173,-686,912,3793,2390,2521,3315,4894,10479,3370,4574,7394,1601,7428,4865,1646,4216,676,1665,23071,1013,2244,13167,4573,14587,4374,3746,255,1789,213,336,-5,-157,382,1802,-5115
"83",235828,243596,246471,-2875,178506,67965,-2236,44066,134441,12837,55128,17249,8199,4638,15264,35759,5229,20212,16195,9668,7261,6701,27169,2805,4976,12191,17639,13325,3924,26816,1420,1384,5394,1069,3569,9047,6217,2106,569,2184,117,6502,5945,-256,18377,-738,954,4105,2555,2673,3491,5008,11713,3868,4621,7706,1779,7889,5405,1856,4322,663,1716,23553,1023,2594,13313,5177,15137,4542,3837,-202,-1151,260,-1086,-57,99,-738,-3239,-4529
"84",242289,245874,245303,571,178665,66638,1960,41000,137665,10525,56113,16110,6895,3630,15806,36132,5292,20232,16721,10019,7286,6729,28201,2498,5070,13366,16620,12659,3451,24890,1393,1105,4397,895,2735,9402,6404,2201,574,2178,117,7014,6487,-136,17602,-982,1076,4175,2628,2664,3562,5132,11538,4205,4388,8129,2030,7989,5381,1905,4383,674,1672,23989,1038,3175,13892,5118,15488,4689,3997,-562,345,923,1305,-52,-280,-1109,2066,-5651
"85",259513,265123,263013,2110,189621,73392,48,43818,145803,11862,61529,17570,7517,4345,15601,41276,5760,21607,16449,10605,7787,7864,27955,2910,5249,14373,20593,13836,3734,26248,1411,1499,4608,1064,3281,8903,6698,2293,654,2184,118,6979,7322,72,21597,-1005,1061,4652,2848,2912,4382,5229,11997,4023,4269,8158,1916,8688,5365,2421,5048,830,1987,24466,1051,2438,14949,6596,17455,4631,4144,91,-1743,1339,276,85,107,1955,-1274,-4336
"86",240873,242130,243127,-997,178467,64660,-1675,41292,137176,11122,53538,15268,6982,4139,13006,36210,5085,20795,16390,9760,7276,6417,28332,2582,5265,12674,17234,11665,3603,26024,1304,1278,4400,1098,3041,7967,5039,2401,537,2201,124,6221,6504,-51,18067,-833,1037,4321,2536,2549,3556,5372,11867,3776,4512,8102,1861,7899,5347,1929,4174,665,1578,24912,1065,2355,14227,4718,15336,4830,4009,14,-36,-1179,-483,8,110,568,2582,-3839
"87",253044,260690,265091,-4401,192270,72821,-4052,47619,144651,13595,59226,18332,8287,5307,14833,39642,5380,22235,17632,10360,7840,6815,29416,3032,5629,14260,18756,14051,4281,29287,1887,1145,5255,1530,3777,8874,5959,2526,737,2230,136,7325,7535,-599,19755,-999,996,4752,2690,2690,3963,5508,12764,4479,4589,8564,2071,8289,5579,2261,4431,682,1702,25428,1080,2908,14578,5515,15852,4979,4048,-376,-1333,-862,-1441,-40,411,-760,-3373,-4273
"88",262198,263640,264409,-769,193937,70471,618,44759,149178,11962,58509,17859,7383,4579,15051,38666,5559,21980,18203,11004,8541,7178,30604,2952,5962,15062,16692,14077,3782,26900,1324,1628,4431,765,3814,8940,6111,2658,883,2266,155,7738,7548,-223,17803,-1111,950,4792,2842,2716,4172,5683,12125,4825,4371,9007,2378,8626,6109,2432,4659,715,1805,26097,1101,3406,15024,5521,16311,5112,4142,129,-216,228,511,-34,71,-1458,2319,-3761
"89",280426,285484,282388,3096,206530,75858,655,47436,159094,12770,63088,19397,7908,4861,15451,42744,6216,23661,18080,11701,8607,8645,30263,2866,6236,16662,19013,15378,4019,28039,1554,1312,5042,1133,3728,8923,6528,2783,993,2294,166,8430,8622,-390,19999,-987,833,4893,3140,3076,5029,5794,12839,4854,4436,8790,2383,9318,5968,2639,5535,880,2230,26493,1128,2642,16403,7168,18985,5019,4347,75,-1166,788,885,73,26,2415,-321,-4737
"90",263909,266479,264910,1569,195334,69575,888,44919,150416,10892,58684,17255,7114,3777,13781,40149,5572,22737,18568,10732,8066,7193,30727,2557,6247,16458,16639,13285,3971,27663,1091,1466,4558,203,3574,8510,5272,2917,830,2326,174,7670,8753,35,17631,-992,805,4754,2789,2783,4010,5942,12785,4540,5021,9007,2210,8522,5906,2161,4611,751,1831,27018,1152,2557,15629,5265,16368,5370,4189,594,1106,-830,17,2,-79,760,1776,-4346
"91",278613,287408,290088,-2681,208662,81426,-1567,50937,157725,15809,65617,20146,10026,5783,14921,45238,5758,24348,20253,11225,8584,7385,31784,2950,6834,17452,20099,15443,4704,30791,1681,1269,7076,338,5445,8970,5950,3059,1235,2361,179,8412,9811,-771,21016,-917,854,5458,2933,2824,4252,6079,14016,5464,5318,9470,2356,8869,6222,2362,4747,762,1877,27650,1173,2961,15842,5924,17010,5363,4250,358,-258,124,-1720,-71,38,-1152,-3772,-5022
"92",283790,290984,288622,2361,210932,77690,4727,47832,163100,11747,65943,19191,7131,4616,15944,44569,5913,23976,21022,11873,9059,7810,33240,2256,7112,18068,18392,15265,3926,28641,1536,720,4876,232,4384,9588,6356,3276,1262,2403,171,9784,8602,-318,19191,-799,996,5430,3096,2817,4488,5932,13556,6125,5109,9788,2721,9153,6567,2491,5028,851,1931,28206,1282,3752,16434,6054,17916,5435,4368,834,1167,1160,1455,111,-297,-2069,817,-8011
"93",303501,313091,309631,3460,224360,85271,-194,50785,173575,14642,70628,20409,9537,5105,16353,48628,6506,25733,21698,12433,9009,9486,33044,3368,7429,18191,22040,16295,4115,30376,1984,1385,6169,291,4814,9421,6932,3419,1396,2438,176,9669,8837,-316,22902,-862,968,5648,3414,3091,5580,5991,14162,6043,5331,10324,2567,9865,6370,2639,6091,1058,2337,28845,1297,2902,17494,7790,20520,5244,4620,-229,-1118,1263,-70,-40,-174,3827,53,-9643
"94",284084,289841,287493,2348,211017,76476,1305,48500,162517,13550,62926,18781,8500,5050,14588,43016,5746,24089,21214,11127,9147,7653,33676,2775,7408,17483,17170,14600,4180,29719,1357,1418,5725,313,4736,8848,5740,3497,1253,2468,190,8741,8889,-148,17920,-750,955,5323,3055,2691,4295,6103,13690,5324,5398,10492,2371,8756,6306,2841,4944,860,1850,29582,1292,2802,16369,5618,17736,5661,4482,24,1724,-174,-176,-92,-126,1168,2395,-8152
"95",304365,311808,315298,-3490,223079,92219,-2065,55443,167637,19271,72947,21762,12647,6624,16254,51475,5925,25433,22146,11362,9623,7789,35003,4536,7802,20127,22602,16874,4888,33681,1857,2679,8111,308,6317,9731,6523,3509,1585,2495,213,10278,10215,-366,23556,-953,943,5218,3136,2789,4398,6187,14848,5699,5323,11124,2563,8799,6782,2841,4969,851,1969,30413,1267,3323,16126,6176,17880,5762,4411,-1259,-1046,1307,-776,-292,-296,-1129,-3263,-4180
"96",315040,313213,309695,3518,222871,86824,6435,52445,170426,16022,70802,21416,10063,5960,17298,49260,5987,25008,21627,11812,9908,7932,36496,2838,7715,21970,18606,16907,4509,31029,1772,1066,7225,275,5685,10414,6884,3447,1469,2541,259,10627,11758,-414,19669,-1063,968,4245,3225,2761,4375,6095,14538,6272,4144,11211,2795,9016,6993,2915,5036,884,2012,31169,1383,3943,16873,6039,18299,5960,4486,569,861,2934,2008,64,-432,-2484,3706,-1879
"97",329932,326166,327218,-1052,234577,92641,-2133,56079,178497,16942,75699,22804,10868,6074,17018,54591,6807,26674,19246,12018,9700,9605,36339,3500,7970,23970,21781,18179,4625,33275,1823,1677,7368,344,5730,10040,6978,3459,1662,2568,282,10472,13802,-304,22967,-1186,871,4090,3679,3128,5259,6126,15290,5544,3905,9797,2614,9404,6813,2887,6019,1085,2502,31968,1364,3007,18478,7847,21191,5880,4713,-578,-2694,933,90,115,-541,1623,2579,1187
"98",302115,295695,297227,-1533,219635,77593,-1782,52480,167155,15033,62559,19850,9867,5166,14236,44704,6112,25213,17978,11004,9652,7763,37040,2869,7743,19333,16794,15474,4375,32630,1375,1494,6998,279,4888,8628,5608,3480,1402,2570,292,8534,11370,-571,17807,-1014,834,3620,3336,2775,4151,6200,14862,4627,3949,9402,2326,8678,6652,3000,4957,882,1925,32697,1346,2998,17782,5868,17930,6351,4463,741,-123,-1637,-798,36,-529,778,1601,4819
"99",311216,320560,324445,-3885,234720,89725,-3604,60230,174490,18400,71325,23533,11849,6551,14891,51957,6398,26594,18698,11760,10028,8229,38306,3809,7846,21903,21365,18129,5403,36697,2177,1632,8040,365,6186,9192,5700,3509,1501,2548,288,8574,13713,-384,22259,-894,843,4476,3502,2896,4467,6351,15776,5015,4022,9660,2607,9152,7004,3025,5299,917,2013,33361,1337,3607,17612,6932,18874,6654,4407,463,-107,-2768,-1120,-72,519,-800,-7884,-1459
"100",313098,318122,317112,1010,234089,83024,2988,55400,178689,16803,66220,21864,10785,6019,16760,44765,6423,26360,19999,12196,10303,8317,39784,2571,7618,19605,16696,17185,4680,33535,1912,659,8214,408,5610,10059,6700,3546,1355,2446,271,8017,11910,-322,17976,-1281,847,4695,3615,2808,4472,6582,15306,5672,3814,10513,2991,9205,7330,2973,5383,967,1966,33787,1556,4441,17721,6728,19430,6902,4525,1570,-2153,2601,981,-12,262,-2240,1612,-6636
"101",333437,340928,340696,231,247584,93112,-1726,58249,189336,20056,73056,23328,13607,6449,17336,50589,6975,27715,20235,13185,10365,10215,39253,3972,7674,20170,21979,18636,4692,34921,2081,1892,9635,512,5937,9785,7552,3576,1406,2424,268,8429,11951,-210,23268,-1289,766,5131,3962,3013,5422,6723,15570,5582,4227,10426,2926,10259,7429,2936,6696,1168,2351,34331,1560,3361,19176,8672,22004,6818,4722,-161,-397,-739,-523,94,-246,2204,126,-7617
"102",313471,313867,313363,504,233094,80269,-234,55412,177682,19971,60298,21126,13596,6375,14673,40639,6216,26588,19975,11991,10541,8118,39711,3656,7653,16741,15452,16545,4580,34286,1678,1978,9940,442,5933,8804,5869,3607,1323,2458,266,7282,10015,-557,16535,-1083,793,4986,3510,2706,4177,6892,15519,5117,4421,10437,2672,9319,7301,3239,5330,960,1828,34848,1567,3295,17814,6164,18776,7274,4515,136,-154,-73,-291,148,260,478,3437,-3832
"103",339073,339560,344477,-4917,249993,94484,-4013,64688,185305,24128,70357,25796,17192,6935,16993,48121,6800,27751,21359,12365,10898,8379,41206,6615,8093,20698,18417,19655,6142,38892,2888,3727,10577,272,6663,10339,6653,3638,1643,2548,264,8319,12868,-490,19546,-1129,913,5243,3580,3220,4576,7001,16173,5825,4868,10666,2908,9457,7817,3082,5454,987,1938,35463,1574,4169,17747,6974,19917,7385,4524,-1397,779,-3591,197,0,24,-928,-5174,4687
"104",344025,337986,337231,756,248794,88436,2127,58866,189929,18482,69954,23125,12516,5967,18544,46580,6948,27320,22107,13241,11017,8716,42722,2917,8117,22093,15131,18265,4861,35740,1782,1135,9598,318,5649,11396,7148,3628,1520,2719,250,8765,13598,-270,16293,-1161,1238,4830,3710,3238,4728,7144,15449,6526,4409,11173,3218,10023,7809,3208,5657,1033,2026,35927,1819,4976,18121,6970,20622,7552,4591,-478,813,335,1336,122,-8,-1364,3064,2974
"105",364110,361039,357556,3483,262683,94873,402,63044,199640,20223,74650,25427,14425,5798,18093,51653,7868,28585,22208,13845,10849,10406,42147,4410,8291,23213,18893,20522,4905,37617,2135,2275,10014,354,5444,10719,7374,3659,1574,2809,249,8396,15064,-246,19991,-1098,1255,4905,4226,3642,5475,7204,15906,6395,4286,11526,3049,10796,7770,3079,6727,1245,2434,36488,1831,3829,19477,8770,23301,7375,4810,-777,-341,1490,-39,69,183,2898,783,2288
"106",340347,335529,333933,1596,249351,84582,1302,60282,189069,17744,66838,23008,12096,5648,15994,46438,6930,27392,22154,12426,11319,8401,42728,3626,8284,21970,14925,18206,4802,37274,2026,1600,8470,436,5212,9633,6361,3735,1416,2875,259,6939,15323,-293,16129,-1203,1258,4406,3699,3231,4336,7341,15716,5796,4552,11805,2780,9646,7799,3520,5478,1036,1886,37193,1843,3692,18828,6206,19961,8038,4687,755,925,183,-633,72,-131,425,2008,2810
"107",365738,365979,365421,558,266148,99273,1363,69670,196478,21860,77413,27606,14829,7031,17796,55042,7281,28777,22971,13264,11450,8740,44249,5809,8807,25689,19317,21493,6113,42064,2399,3410,9020,579,6452,10468,7329,3855,1756,2915,280,7866,18118,-295,20283,-966,1229,4575,3920,3360,4669,7458,16650,6713,4399,11859,3060,10204,7979,3471,5714,1051,1975,37832,1851,4566,18915,7087,21040,8044,4661,694,249,254,152,14,20,-824,-5855,5614
"108",371754,364448,364154,294,266393,97761,1524,64637,201756,16201,81560,25996,11100,5101,18311,58695,7305,28443,23896,13947,11823,9185,45959,3332,9107,30621,17841,20931,5065,38641,2006,1326,7768,597,4505,10635,7677,4070,1764,2949,325,8399,22428,-206,18976,-1135,1125,4553,4031,3274,4819,7612,16012,7272,4304,12319,3349,10598,8463,3360,6013,1137,2034,38479,2021,5460,19475,6814,21943,8264,4702,524,-481,655,891,-65,149,-1378,5010,2295
"109",387192,387371,383009,4362,278580,104429,1858,68189,210391,20907,83522,27833,15763,5144,17916,61008,8159,29518,23734,14597,11187,11008,45225,4718,9455,29608,20939,22559,5274,40356,2835,1883,11045,626,4518,10089,7827,4189,1930,2990,347,8142,23491,-2025,22127,-1188,1006,4598,4501,3658,5757,7704,16057,7044,4404,12287,3165,11431,8056,3131,7177,1372,2459,39041,2030,4153,20492,8928,24550,8037,4958,377,-786,1795,450,21,205,2299,-460,281
"110",357540,357565,355229,2336,262118,93110,1910,63150,198968,16229,76881,23898,10903,5326,15016,57544,7288,28198,23220,13517,11868,8775,45801,3232,9100,31257,16226,18729,5169,39252,2194,1038,7671,549,4777,8935,6081,4257,1472,3013,358,7342,24370,-456,17481,-1256,962,4321,4021,3267,4573,7843,15782,6555,4599,12066,2960,10557,8419,3448,5731,1102,1942,39603,2057,4140,19221,6472,21008,8828,4773,1767,1382,-146,-780,-312,99,326,4244,-4269
"111",380314,391145,393445,-2300,279576,113869,-1812,73189,206387,24692,89178,29454,17179,7513,16096,68274,7529,29817,24323,13727,12714,9002,47473,7165,9635,36546,21116,22918,6535,43736,2766,4398,10014,847,6666,9535,6561,4273,1985,3017,360,8319,28371,-144,22230,-1114,977,4808,4042,3487,4840,7959,17018,7122,5190,12011,3102,10626,8149,4565,5891,1106,2005,40254,2069,5149,19224,7439,21609,8799,4729,1005,-2076,468,-1086,-122,203,-691,-8795,-2036
"112",379249,385414,383581,1833,277919,105662,3008,66135,211784,17019,88643,26292,11314,5705,17476,66553,7661,29498,24672,14672,13259,9403,49228,3265,9569,37158,18702,20875,5417,39843,1967,1298,8049,990,4716,10540,6936,4238,1979,3000,352,8894,28647,-384,19895,-1193,1124,4613,4192,3469,4773,8127,16599,7449,4887,12336,3407,11264,8573,4686,6149,1222,2033,40774,2157,6297,19961,7120,22459,8998,4852,993,157,594,1293,-29,100,-1275,1766,-7931
"113",395835,405032,402235,2797,288984,113251,352,68751,220233,23460,89791,27852,13158,10302,17875,67005,8245,31310,24852,14821,12881,10992,48177,3806,9835,34525,21617,22315,5537,40899,2393,1413,9351,1020,9282,10590,7285,4254,2223,3005,353,9734,30270,-5479,22817,-1200,1028,4912,4545,3700,5666,8202,17441,7010,5152,12691,3270,11551,8723,4158,7171,1424,2397,41278,2169,4730,21436,9233,24374,8813,5099,-165,-1078,1135,372,87,-54,2500,-482,-8715
"114",368859,367311,368365,-1054,272474,95892,-1287,64867,207607,17698,78193,25087,11650,6049,15635,58129,7615,29748,24215,13532,12933,8961,48493,3175,9319,32426,15402,19805,5282,39780,1793,1382,8475,966,5083,9866,5769,4269,1682,3013,354,8406,24985,-965,16660,-1259,982,4429,4041,3575,4489,8331,16928,6361,5116,12738,2968,10565,8832,4101,5857,1182,1922,41859,2148,4486,20221,6537,20754,9611,4984,363,1204,-2403,-402,-48,-45,277,3110,-1562
"115",389940,396037,399043,-3007,287851,111192,-1708,73905,213946,18935,92257,28940,14291,4644,17766,68904,7716,31062,25024,14095,13369,9182,50081,4177,9629,39585,18723,22766,6174,44965,2355,1822,10114,1274,3370,11065,6701,4284,1966,3026,354,9502,27439,2644,19871,-1148,967,5587,4109,3606,4761,8451,17850,7061,5438,12524,3265,10830,9385,3984,5984,1212,1985,42408,2159,5514,20135,7611,21042,9610,5021,186,-431,-152,-1288,-23,-221,-1077,-4393,-1704
"116",391772,395458,395259,199,289191,106068,2330,68386,220805,16261,89808,27533,10493,5768,18757,65326,8038,31648,25945,14955,13616,9599,51739,3394,9460,38128,16790,22201,5332,40853,1837,1556,7099,1448,4319,11626,7131,4339,1754,3004,364,10002,29281,-1155,18118,-1329,948,5725,4298,3739,4859,8635,18155,7638,5017,13290,3592,11363,9545,4072,6212,1339,2048,42795,2413,6531,20749,7573,22029,9837,5076,1357,-1099,454,1570,48,-182,-1949,1906,-5592
"117",414850,417501,415554,1947,303449,112105,-1127,72324,231125,19663,92441,29869,13122,6541,19061,66940,8610,33562,25904,15328,13454,11476,50693,4308,9384,38301,18362,24311,5558,42455,2260,2048,8814,1253,5288,11475,7586,4353,1651,3016,364,10081,30029,-1809,19740,-1378,894,6440,4646,3965,5909,8715,18938,7431,5142,13331,3176,12152,9345,4110,7442,1592,2441,43207,2426,5060,22408,9954,24966,9604,5166,-899,-678,1060,-511,-98,-64,3138,-663,-1988
"118",386187,379074,381784,-2710,284593,97190,-3104,66366,218227,16742,80449,25594,11502,5240,17717,57232,8232,32116,24574,14508,13798,9391,50887,3071,9226,32700,14480,19842,5753,40772,1817,1254,8431,1023,4217,10878,6839,4326,1480,3067,354,8938,24522,-760,15827,-1347,827,5499,4251,3981,4657,8824,18635,6409,5080,13086,2807,11701,9575,4223,6115,1329,1946,43616,2487,4783,21167,6934,21173,10350,5099,-80,-1095,-1232,-978,282,64,329,3380,3734
"119",402967,410579,412232,-1653,300094,112138,-725,75321,224773,21297,90841,29568,16028,5269,20151,64608,8239,33607,25364,15392,14066,9628,52270,4616,9793,36453,17576,22803,6765,45753,2621,1996,11412,1465,3805,12540,7611,4256,2048,3156,333,10352,26070,30,18943,-1367,787,6082,4390,3849,4931,8934,19742,7123,5528,12714,3324,12068,9848,4218,6252,1348,2028,44103,2505,5662,21044,7750,22115,10244,5054,909,101,-982,-726,-27,223,-1150,-4623,-2989
"120",401650,406959,404233,2726,299945,104288,4598,70082,229863,15661,88626,28026,11120,4542,21135,60963,8409,33468,25513,16294,14486,10076,53605,3702,9162,34219,16859,22012,6014,42056,2387,1316,7417,1032,3510,13199,7935,4144,1435,3301,282,11283,24033,-1097,18563,-1705,723,6529,4544,3865,5067,9111,19291,7585,5008,12920,3723,12572,10222,4265,6570,1463,2043,44653,2526,6427,21617,7452,23251,10496,5195,1170,-408,1130,2588,118,109,-1982,1602,-6911
"121",420611,426488,424293,2194,313897,110396,-835,73653,240244,17337,93059,29788,12797,4540,22126,63751,9077,35396,25104,16558,14364,12134,52579,4322,9338,34015,19703,23594,6194,43865,2492,1830,8475,991,3549,13697,8429,4074,1612,3390,262,11232,23833,-1050,21253,-1550,696,7183,5014,4063,6248,9202,19945,7415,5091,12598,3489,13069,10085,4279,7924,1723,2487,45162,2537,4880,23118,9804,26544,10212,5354,-1051,-1886,1518,201,383,-147,3177,-1169,-4708
"122",391315,390649,391478,-829,295455,96023,-751,69547,225908,15432,80591,27247,10835,4597,20522,53430,8449,33936,23992,15419,14298,9914,52855,3241,9004,28965,14790,20897,6351,42300,2166,1075,7595,1167,3430,13313,7210,4004,1278,3462,260,10236,19341,-613,16410,-1620,671,6639,4526,3923,4986,9371,19578,6865,5326,11800,2956,12463,10014,4284,6507,1418,1988,45549,2548,4758,21597,7000,22344,10987,5117,-569,686,-1056,75,114,-180,102,3278,-2611
"123",407829,421979,424729,-2750,312887,111842,-1393,79426,233461,22756,89086,32153,16319,6437,22523,59335,8346,35697,25556,15754,14760,10191,54324,5129,8770,31100,18776,25053,7100,47273,2987,2141,11190,1212,5225,14123,8401,3933,1042,3517,278,11355,20491,-746,20418,-1642,689,7228,4438,3909,5267,9506,20924,7348,5899,12309,3541,12214,10636,4124,6707,1432,2052,45990,2562,5771,21554,8111,23052,10971,5145,104,-48,-596,-616,-236,-78,-1280,-3711,-10439
"124",410937,418271,416841,1429,313339,103503,3546,74078,239260,15283,88219,30005,10181,5103,24471,56167,8630,35599,26213,16563,15438,10680,55522,2938,8660,30578,16179,23207,6798,44073,1835,1103,7243,1369,3734,15771,8699,3811,977,3552,320,11745,19227,-394,17819,-1641,750,7582,4595,4034,5437,9725,20438,8121,5607,12485,3962,12600,11030,4408,7019,1548,2113,46300,2651,6571,22159,7902,24134,11209,5212,614,-1108,1274,2353,412,-91,-2025,3972,-11305
"125",428024,441207,437590,3617,328275,109315,480,77629,250646,18270,91045,32177,12477,5793,24876,58335,9414,37453,25774,16998,15118,12832,54419,3842,8549,29691,19400,25250,6927,45452,2245,1597,8634,2045,3748,15904,8971,3740,864,3607,338,11965,18133,-407,21011,-1612,695,7834,5091,4323,6566,9829,21059,7676,5706,12391,3657,13341,10449,4669,8383,1807,2643,46698,2664,5057,23998,10444,27964,10921,5311,-417,-956,485,1261,107,142,2994,-279,-12904
"126",398408,400889,403211,-2322,308257,94954,-2607,73240,235017,17220,77735,28791,11973,5247,22792,48049,8830,35862,24433,15807,14683,10500,54451,3698,8455,24492,14346,21526,7265,44449,1923,1774,8275,1613,3634,15380,7411,3722,718,3665,350,10025,15062,-595,16042,-1696,757,6894,4669,4161,5237,9972,20653,6946,5759,11728,3084,12723,10299,4383,6893,1519,2088,46931,2680,4840,22662,7535,23550,11598,5107,-521,258,-1289,-1028,-27,52,233,3592,-6073
"127",422234,436834,438455,-1621,327524,110930,-377,84377,243147,25167,85763,34541,17927,7240,25853,52190,8844,37702,25650,16677,15926,10673,55884,5602,8474,23851,18940,26512,8029,49836,3185,2417,12325,1954,5286,17113,8740,3756,637,3725,356,11227,14502,-1878,20550,-1610,925,7721,4742,4102,5545,10103,22053,7648,6340,11662,3666,13011,11546,4379,7010,1517,2145,47365,2690,5829,22280,8703,24100,11601,5107,299,-760,1398,-1036,-278,64,-1308,-7285,-7315
"128",423887,429859,426512,3347,326213,100299,5541,78638,247575,16954,83345,32441,11675,5278,26302,49811,8956,37653,25683,17583,16015,11100,57652,3503,8735,23292,16503,25139,7303,46197,2182,1321,8172,1589,3689,17422,8879,3862,735,3785,353,10350,13536,-594,18200,-1697,1281,7232,4868,4088,5580,10283,21789,8109,5702,11872,3975,13608,11488,4527,7362,1615,2123,47903,2671,7079,22980,8323,24652,11815,5162,339,-365,3027,2356,183,-167,-2026,376,-6348
"129",456457,454464,451042,3422,340948,110094,331,81079,259869,22174,87920,33798,14664,7510,27362,52757,9793,39819,26081,17567,15941,13341,56440,4993,8837,23577,19013,26668,7130,47281,2742,2251,9671,2430,5080,17564,9798,3896,737,3845,360,11171,14482,-2077,20719,-1706,1330,7801,5271,4522,6819,10356,22644,8045,5776,12260,3535,14032,11421,4520,8792,1904,2644,48349,2678,5413,24959,10920,28197,11488,5323,-1510,-945,2217,549,20,299,2793,-3988,5981
"130",429024,416627,416919,-292,320130,96789,-594,76444,243686,19541,77248,29929,13401,6140,23462,46327,9116,37963,25473,16105,15949,10533,56877,3909,8870,22254,13817,22574,7355,46515,2260,1650,9492,2140,4000,15794,7668,3910,684,3906,370,10286,13802,-1835,15617,-1799,1385,7460,4669,4448,5290,10455,22219,7009,5988,12475,3023,13082,11314,4634,6920,1508,2105,48755,2690,5432,23286,7554,23611,12072,5146,872,554,-1255,-700,-66,-139,441,3951,8446
"131",448476,452564,455543,-2979,340930,114613,-2002,88283,252647,29055,85558,35221,21766,7289,26403,51089,9287,40085,26467,17113,16684,10963,58275,5647,9037,22185,18439,27379,7842,53062,2751,2897,16118,2523,4766,17304,9099,3904,780,3970,384,11277,14429,-3522,20361,-1922,1428,8066,4860,4427,5633,10575,23877,7812,6395,12260,3513,13601,11702,4982,7227,1540,2196,49293,2698,6284,23449,8718,24335,12072,5200,576,490,-1419,-1684,35,190,-1167,-6932,2844
"132",449701,447516,445757,1759,337969,107789,3763,80920,257049,19144,88644,32736,13627,5517,26457,54462,9536,39883,26521,17981,16847,11155,60422,3895,9069,27229,16740,25277,7459,48184,2270,1625,9732,2010,3507,17791,8666,3878,759,4032,400,12089,15597,-457,18510,-1770,1425,7726,4945,4591,5703,10745,23434,8207,5768,12546,4080,13902,12042,4805,7371,1622,2162,49717,2800,7906,23774,8306,25031,12379,5213,-237,1045,1109,1817,28,-10,-1993,1886,299
"133",471548,475128,471410,3718,357159,114251,868,86264,270894,22449,91802,36082,16688,5761,26878,56900,10805,41994,27039,18908,16868,13318,58892,4974,9121,26272,20156,28656,7426,50182,2855,2119,11714,2316,3445,17483,9395,3872,740,4095,414,12755,14911,-1394,21931,-1775,1351,8024,5509,5296,6964,10825,24205,8134,5791,13113,4101,14807,11857,5011,8739,1891,2688,50284,2807,5801,25683,10856,29087,12085,5358,120,-598,637,531,179,-28,2879,-2116,-1464
"134",445715,434600,436176,-1576,335951,100225,-1670,81218,254733,19895,80331,31880,14159,5735,23969,49103,9960,40272,26382,17076,16722,10829,59438,3734,9077,23542,15090,24334,7546,49338,2194,1539,10425,2207,3529,15930,8039,3866,622,4161,429,10649,13540,-646,16942,-1852,1394,7259,4842,5118,5458,10951,23863,7401,6007,12974,3484,13593,11489,5232,7141,1575,2113,50752,2818,5868,24228,7641,24295,12690,5200,-848,1057,358,-2014,-223,110,-16,5356,5759
